team_name,avg_launch_speed,avg_bat_speed,avg_swing_length
LAD,84.89074074074074,68.3558201058201,7.104285714285714
TOR,84.54333333333334,69.93791666666667,7.21393253968254
