team_name,avg_launch_speed,avg_bat_speed,avg_swing_length
SEA,86.984375,71.10161706349207,7.297946428571429
TOR,86.47044444444444,71.04812626262625,7.188027777777778
